{"train_loss": 0.187801331281662, "train_acc": 0.9296875, "epoch": 11, "trainer/global_step": 815, "_timestamp": 1748553293.7066324, "_runtime": 142.34964847564697, "_step": 27, "val_loss": 0.5243001580238342, "val_acc": 0.8560267686843872, "val_recall": 0.45656195282936096, "val_f1": 0.44212275743484497, "_wandb": {"runtime": 148}}