{"train_loss": 0.23660403490066528, "train_acc": 0.921875, "epoch": 11, "trainer/global_step": 827, "_timestamp": 1748552633.2606559, "_runtime": 140.1200988292694, "_step": 27, "val_loss": 0.39634770154953003, "val_acc": 0.8560267686843872, "val_recall": 0.45124146342277527, "val_f1": 0.45153385400772095, "_wandb": {"runtime": 145}}