{"train_loss": 0.2666592001914978, "epoch": 19, "trainer/global_step": 1379, "_timestamp": 1748533025.1355898, "_runtime": 223.7227659225464, "_step": 46, "val_loss": 0.6566978096961975, "val_acc": 0.8158482313156128, "val_recall": 0.47719040513038635, "val_f1": 0.4811951518058777, "_wandb": {"runtime": 228}}