{"train_loss": 0.29194438457489014, "epoch": 19, "trainer/global_step": 1379, "_timestamp": 1748531617.7215142, "_runtime": 218.6853232383728, "_step": 46, "val_loss": 0.4071108400821686, "val_acc": 0.8526785969734192, "val_recall": 0.4793011546134949, "val_f1": 0.48034706711769104, "_wandb": {"runtime": 223}}