{"train_loss": 0.3369510769844055, "epoch": 19, "trainer/global_step": 1379, "_timestamp": 1748532789.1328945, "_runtime": 222.62064146995544, "_step": 46, "val_loss": 0.23181696236133575, "val_acc": 0.9162946343421936, "val_recall": 0.6553092002868652, "val_f1": 0.6537287831306458, "_wandb": {"runtime": 227}}