{"train_loss": 0.3000814616680145, "epoch": 19, "trainer/global_step": 1379, "_timestamp": 1748532317.707473, "_runtime": 219.89061307907104, "_step": 46, "val_loss": 0.33857670426368713, "val_acc": 0.8560267686843872, "val_recall": 0.5584335923194885, "val_f1": 0.5608039498329163, "_wandb": {"runtime": 224}}