{"train_loss": 0.2752668857574463, "epoch": 19, "trainer/global_step": 1379, "_timestamp": 1748531386.8986435, "_runtime": 221.2549614906311, "_step": 46, "val_loss": 0.3066556453704834, "val_acc": 0.8939732313156128, "val_recall": 0.5666000247001648, "val_f1": 0.5767831206321716, "_wandb": {"runtime": 226}}