{"train_loss": 0.30078843235969543, "epoch": 19, "trainer/global_step": 1359, "_timestamp": 1748532085.8603005, "_runtime": 219.65926957130432, "_step": 46, "val_loss": 0.3041492998600006, "val_acc": 0.8716517686843872, "val_recall": 0.4339442849159241, "val_f1": 0.4378049969673157, "_wandb": {"runtime": 224}}