{"train_loss": 0.2852992117404938, "epoch": 19, "trainer/global_step": 1379, "_timestamp": 1748531154.3203275, "_runtime": 223.29361653327942, "_step": 46, "val_loss": 0.30842453241348267, "val_acc": 0.8761160969734192, "val_recall": 0.4662008583545685, "val_f1": 0.46659770607948303, "_wandb": {"runtime": 228}}