{"train_loss": 0.32983237504959106, "epoch": 19, "trainer/global_step": 1359, "_timestamp": 1748531853.1175346, "_runtime": 222.58922052383423, "_step": 46, "val_loss": 0.3758879601955414, "val_acc": 0.876953125, "val_recall": 0.39145076274871826, "val_f1": 0.3963528871536255, "_wandb": {"runtime": 227}}