{"train_loss": 0.2636122703552246, "epoch": 19, "trainer/global_step": 1359, "_timestamp": 1748530915.9376273, "_runtime": 221.52499437332153, "_step": 46, "val_loss": 0.3825065791606903, "val_acc": 0.8370535969734192, "val_recall": 0.3835480511188507, "val_f1": 0.39676982164382935, "_wandb": {"runtime": 226}}