{"train_loss": 0.2710097134113312, "train_acc": 0.890625, "epoch": 11, "trainer/global_step": 827, "_timestamp": 1748552949.0975878, "_runtime": 145.76100873947144, "_step": 27, "val_loss": 0.5006796717643738, "val_acc": 0.8214285969734192, "val_recall": 0.40630751848220825, "val_f1": 0.41359925270080566, "_wandb": {"runtime": 176}}